[
    {
        "title": "Termiz => Buxoro => Samarqand => Termiz",
        "img": "/assets/images/demos/1.jpg",
        "cost":[ 
            {
                "content": "Transport xizmat xarajati",
                "amount": "260"
            },
            {
                "content": "2 kecha mehmonxona xarajatlari",
                "amount": "300"
            },
            {
                "content": "Ovqatlanish Xarajatlari",
                "amount": "200"
            },
            {
                "content": "Git xitmati va Komission yig'imlar",
                "amount": "90"
            }
        ],
        "isLeft": true
    },
    {
        "title": "Termiz => Samarqand => Termiz",
        "img": "/assets/images/demos/2.jpg",
        "cost":[ 
            {
                "content": "Transport xizmat xarajati",
                "amount": "175"
            },
            {
                "content": "1 kecha mehmonxona xarajatlari",
                "amount": "150"
            },
            {
                "content": "Ovqatlanish Xarajatlari",
                "amount": "100"
            },
            {
                "content": "Git xitmati va Komission yig'imlar",
                "amount": "90"
            }
        ]
    },
    {
        "title": "Termiz => Buxoro => Termiz",
        "img": "/assets/images/demos/3.jpg",
        "cost":[ 
            {
                "content": "Transport xizmat xarajati",
                "amount": "180"
            },
            {
                "content": "1 kecha mehmonxona xarajatlari",
                "amount": "150"
            },
            {
                "content": "Ovqatlanish Xarajatlari",
                "amount": "100"
            },
            {
                "content": "Git xitmati va Komission yig'imlar",
                "amount": "90"
            }
        ],
        "isLeft": true
    },
    {
        "title": "Termiz => Xiva => Termiz",
        "img": "/assets/images/demos/4.jpg",
        "cost":[ 
            {
                "content": "Transport xizmat xarajati",
                "amount": "350"
            },
            {
                "content": "2 kecha mehmonxona xarajatlari",
                "amount": "300"
            },
            {
                "content": "Ovqatlanish Xarajatlari",
                "amount": "200"
            },
            {
                "content": "Git xitmati va Komission yig'imlar",
                "amount": "100"
            }
        ]
    }
]