[
    {
        "img": "/assets/images/demos/1.jpg",
        "title": "Termiz",
        "descr": "Lorem ipsum dolor sit amet consectetur adipisicing elit. Illum eius ipsum rerum odit quisquam, deleniti voluptatem iste alias"
    },
    {
        "img": "/assets/images/demos/2.jpg",
        "title": "Qarshi",
        "descr": "Lorem ipsum dolor sit amet consectetur adipisicing elit. Illum eius ipsum rerum odit quisquam, deleniti voluptatem iste alias"
    },
    {
        "img": "/assets/images/demos/3.jpg",
        "title": "Buxoro",
        "descr": "Lorem ipsum dolor sit amet consectetur adipisicing elit. Illum eius ipsum rerum odit quisquam, deleniti voluptatem iste alias"
    },
    {
        "img": "/assets/images/demos/4.jpg",
        "title": "Andijon",
        "descr": "Lorem ipsum dolor sit amet consectetur adipisicing elit. Illum eius ipsum rerum odit quisquam, deleniti voluptatem iste alias"
    },
    {
        "img": "/assets/images/demos/5.jpg",
        "title": "Nukus",
        "descr": "Lorem ipsum dolor sit amet consectetur adipisicing elit. Illum eius ipsum rerum odit quisquam, deleniti voluptatem iste alias"
    },
    {
        "img": "/assets/images/demos/6.jpg",
        "title": "Samarqand",
        "descr": "Lorem ipsum dolor sit amet consectetur adipisicing elit. Illum eius ipsum rerum odit quisquam, deleniti voluptatem iste alias"
    },
    {
        "img": "/assets/images/demos/7.jpg",
        "title": "Sirdaryo",
        "descr": "Lorem ipsum dolor sit amet consectetur adipisicing elit. Illum eius ipsum rerum odit quisquam, deleniti voluptatem iste alias"
    },
    {
        "img": "/assets/images/demos/8.jpg",
        "title": "Namangan",
        "descr": "Lorem ipsum dolor sit amet consectetur adipisicing elit. Illum eius ipsum rerum odit quisquam, deleniti voluptatem iste alias"
    }
]