[
    {
        "title": "Termiz => Buxoro => Samarqand => Termiz",
        "img": "/assets/images/demos/1.jpg",
        "cost":[ 
            {
                "content": "Cost of transport service",
                "amount": "260"
            },
            {
                "content": "2 nights hotel expenses",
                "amount": "300"
            },
            {
                "content": "Cost of meals",
                "amount": "200"
            },
            {
                "content": "Guide service and comission fees",
                "amount": "90"
            }
        ],
        "isLeft": true
    },
    {
        "title": "Termiz => Samarqand => Termiz",
        "img": "/assets/images/demos/2.jpg",
        "cost":[ 
            {
                "content": "Cost of transport service",
                "amount": "175"
            },
            {
                "content": "1 night hotel expenses",
                "amount": "150"
            },
            {
                "content": "Cost of meals",
                "amount": "100"
            },
            {
                "content": "Guide service and comission fees",
                "amount": "90"
            }
        ]
    },
    {
        "title": "Termiz => Buxoro => Termiz",
        "img": "/assets/images/demos/3.jpg",
        "cost":[ 
            {
                "content": "Cost of transport service",
                "amount": "180"
            },
            {
                "content": "1 night hotel expenses",
                "amount": "150"
            },
            {
                "content": "Cost of meals",
                "amount": "100"
            },
            {
                "content": "Guide service and comission fees",
                "amount": "90"
            }
        ],
        "isLeft": true
    },
    {
        "title": "Termiz => Xiva => Termiz",
        "img": "/assets/images/demos/4.jpg",
        "cost":[ 
            {
                "content": "Cost of transport service",
                "amount": "350"
            },
            {
                "content": "2 nights hotel expenses",
                "amount": "300"
            },
            {
                "content": "Cost of meals",
                "amount": "200"
            },
            {
                "content": "Guide service and comission fees",
                "amount": "100"
            }
        ]
    }
]